"";"SAMPLE_ID";"SAMPLE_CODE";"POLYMER";"SIZE_INTERVALS_mm";"SIZE_CODE";"MASS_mg";"REPLICATE";"PREPARED"
"1";1;"PP_A3750_1";"PP";"4.80–1.00";"A";"3750";1;TRUE
"2";2;"PP_A3750_2";"PP";"4.80–1.00";"A";"3750";2;TRUE
"3";3;"PP_A3750_3";"PP";"4.80–1.00";"A";"3750";3;TRUE
"4";4;"PP_A3750_4";"PP";"4.80–1.00";"A";"3750";4;TRUE
"5";5;"PP_A750_1";"PP";"4.80–1.00";"A";"750";1;TRUE
"6";6;"PP_A750_2";"PP";"4.80–1.00";"A";"750";2;TRUE
"7";7;"PP_A750_3";"PP";"4.80–1.00";"A";"750";3;TRUE
"8";8;"PP_A750_4";"PP";"4.80–1.00";"A";"750";4;TRUE
"9";9;"PP_A150_1";"PP";"4.80–1.00";"A";"150";1;TRUE
"10";10;"PP_A150_2";"PP";"4.80–1.00";"A";"150";2;TRUE
"11";11;"PP_A150_3";"PP";"4.80–1.00";"A";"150";3;TRUE
"12";12;"PP_A150_4";"PP";"4.80–1.00";"A";"150";4;TRUE
"13";13;"PP_A30_1";"PP";"4.80–1.00";"A";"30";1;TRUE
"14";14;"PP_A30_2";"PP";"4.80–1.00";"A";"30";2;TRUE
"15";15;"PP_A30_3";"PP";"4.80–1.00";"A";"30";3;TRUE
"16";16;"PP_A30_4";"PP";"4.80–1.00";"A";"30";4;TRUE
"17";17;"PP_A6_1";"PP";"4.80–1.00";"A";"6";1;TRUE
"18";18;"PP_A6_2";"PP";"4.80–1.00";"A";"6";2;TRUE
"19";19;"PP_A6_3";"PP";"4.80–1.00";"A";"6";3;TRUE
"20";20;"PP_A6_4";"PP";"4.80–1.00";"A";"6";4;TRUE
"21";21;"PP_A1.2_1";"PP";"4.80–1.00";"A";"1.2";1;TRUE
"22";22;"PP_A1.2_2";"PP";"4.80–1.00";"A";"1.2";2;TRUE
"23";23;"PP_A1.2_3";"PP";"4.80–1.00";"A";"1.2";3;TRUE
"24";24;"PP_A1.2_4";"PP";"4.80–1.00";"A";"1.2";4;TRUE
"25";25;"PP_B3750_1";"PP";"1.00–0.60";"B";"3750";1;TRUE
"26";26;"PP_B3750_2";"PP";"1.00–0.60";"B";"3750";2;TRUE
"27";27;"PP_B3750_3";"PP";"1.00–0.60";"B";"3750";3;TRUE
"28";28;"PP_B3750_4";"PP";"1.00–0.60";"B";"3750";4;TRUE
"29";29;"PP_B750_1";"PP";"1.00–0.60";"B";"750";1;TRUE
"30";30;"PP_B750_2";"PP";"1.00–0.60";"B";"750";2;TRUE
"31";31;"PP_B750_3";"PP";"1.00–0.60";"B";"750";3;TRUE
"32";32;"PP_B750_4";"PP";"1.00–0.60";"B";"750";4;TRUE
"33";33;"PP_B150_1";"PP";"1.00–0.60";"B";"150";1;TRUE
"34";34;"PP_B150_2";"PP";"1.00–0.60";"B";"150";2;TRUE
"35";35;"PP_B150_3";"PP";"1.00–0.60";"B";"150";3;TRUE
"36";36;"PP_B150_4";"PP";"1.00–0.60";"B";"150";4;TRUE
"37";37;"PP_B30_1";"PP";"1.00–0.60";"B";"30";1;TRUE
"38";38;"PP_B30_2";"PP";"1.00–0.60";"B";"30";2;TRUE
"39";39;"PP_B30_3";"PP";"1.00–0.60";"B";"30";3;TRUE
"40";40;"PP_B30_4";"PP";"1.00–0.60";"B";"30";4;TRUE
"41";41;"PP_B6_1";"PP";"1.00–0.60";"B";"6";1;TRUE
"42";42;"PP_B6_2";"PP";"1.00–0.60";"B";"6";2;TRUE
"43";43;"PP_B6_3";"PP";"1.00–0.60";"B";"6";3;TRUE
"44";44;"PP_B6_4";"PP";"1.00–0.60";"B";"6";4;TRUE
"45";45;"PP_B1.2_1";"PP";"1.00–0.60";"B";"1.2";1;TRUE
"46";46;"PP_B1.2_2";"PP";"1.00–0.60";"B";"1.2";2;TRUE
"47";47;"PP_B1.2_3";"PP";"1.00–0.60";"B";"1.2";3;TRUE
"48";48;"PP_B1.2_4";"PP";"1.00–0.60";"B";"1.2";4;TRUE
"49";49;"PVC_A3750_1";"PVC";"4.80–1.00";"A";"3750";1;TRUE
"50";50;"PVC_A3750_2";"PVC";"4.80–1.00";"A";"3750";2;TRUE
"51";51;"PVC_A3750_3";"PVC";"4.80–1.00";"A";"3750";3;TRUE
"52";52;"PVC_A3750_4";"PVC";"4.80–1.00";"A";"3750";4;TRUE
"53";53;"PVC_A750_1";"PVC";"4.80–1.00";"A";"750";1;TRUE
"54";54;"PVC_A750_2";"PVC";"4.80–1.00";"A";"750";2;TRUE
"55";55;"PVC_A750_3";"PVC";"4.80–1.00";"A";"750";3;TRUE
"56";56;"PVC_A750_4";"PVC";"4.80–1.00";"A";"750";4;TRUE
"57";57;"PVC_A150_1";"PVC";"4.80–1.00";"A";"150";1;TRUE
"58";58;"PVC_A150_2";"PVC";"4.80–1.00";"A";"150";2;TRUE
"59";59;"PVC_A150_3";"PVC";"4.80–1.00";"A";"150";3;TRUE
"60";60;"PVC_A150_4";"PVC";"4.80–1.00";"A";"150";4;TRUE
"61";61;"PVC_A30_1";"PVC";"4.80–1.00";"A";"30";1;TRUE
"62";62;"PVC_A30_2";"PVC";"4.80–1.00";"A";"30";2;TRUE
"63";63;"PVC_A30_3";"PVC";"4.80–1.00";"A";"30";3;TRUE
"64";64;"PVC_A30_4";"PVC";"4.80–1.00";"A";"30";4;TRUE
"65";65;"PVC_A6_1";"PVC";"4.80–1.00";"A";"6";1;TRUE
"66";66;"PVC_A6_2";"PVC";"4.80–1.00";"A";"6";2;TRUE
"67";67;"PVC_A6_3";"PVC";"4.80–1.00";"A";"6";3;TRUE
"68";68;"PVC_A6_4";"PVC";"4.80–1.00";"A";"6";4;TRUE
"69";69;"PVC_A1.2_1";"PVC";"4.80–1.00";"A";"1.2";1;TRUE
"70";70;"PVC_A1.2_2";"PVC";"4.80–1.00";"A";"1.2";2;TRUE
"71";71;"PVC_A1.2_3";"PVC";"4.80–1.00";"A";"1.2";3;TRUE
"72";72;"PVC_A1.2_4";"PVC";"4.80–1.00";"A";"1.2";4;TRUE
"73";73;"PVC_B3750_1";"PVC";"1.00–0.60";"B";"3750";1;TRUE
"74";74;"PVC_B3750_2";"PVC";"1.00–0.60";"B";"3750";2;TRUE
"75";75;"PVC_B3750_3";"PVC";"1.00–0.60";"B";"3750";3;TRUE
"76";76;"PVC_B3750_4";"PVC";"1.00–0.60";"B";"3750";4;TRUE
"77";77;"PVC_B750_1";"PVC";"1.00–0.60";"B";"750";1;TRUE
"78";78;"PVC_B750_2";"PVC";"1.00–0.60";"B";"750";2;TRUE
"79";79;"PVC_B750_3";"PVC";"1.00–0.60";"B";"750";3;TRUE
"80";80;"PVC_B750_4";"PVC";"1.00–0.60";"B";"750";4;TRUE
"81";81;"PVC_B150_1";"PVC";"1.00–0.60";"B";"150";1;TRUE
"82";82;"PVC_B150_2";"PVC";"1.00–0.60";"B";"150";2;TRUE
"83";83;"PVC_B150_3";"PVC";"1.00–0.60";"B";"150";3;TRUE
"84";84;"PVC_B150_4";"PVC";"1.00–0.60";"B";"150";4;TRUE
"85";85;"PVC_B30_1";"PVC";"1.00–0.60";"B";"30";1;TRUE
"86";86;"PVC_B30_2";"PVC";"1.00–0.60";"B";"30";2;TRUE
"87";87;"PVC_B30_3";"PVC";"1.00–0.60";"B";"30";3;TRUE
"88";88;"PVC_B30_4";"PVC";"1.00–0.60";"B";"30";4;TRUE
"89";89;"PVC_B6_1";"PVC";"1.00–0.60";"B";"6";1;TRUE
"90";90;"PVC_B6_2";"PVC";"1.00–0.60";"B";"6";2;TRUE
"91";91;"PVC_B6_3";"PVC";"1.00–0.60";"B";"6";3;TRUE
"92";92;"PVC_B6_4";"PVC";"1.00–0.60";"B";"6";4;TRUE
"93";93;"PVC_B1.2_1";"PVC";"1.00–0.60";"B";"1.2";1;TRUE
"94";94;"PVC_B1.2_2";"PVC";"1.00–0.60";"B";"1.2";2;TRUE
"95";95;"PVC_B1.2_3";"PVC";"1.00–0.60";"B";"1.2";3;TRUE
"96";96;"PVC_B1.2_4";"PVC";"1.00–0.60";"B";"1.2";4;TRUE
"97";97;"PP_C3750_1";"PP";"0.60–0.053";"C";"3750";1;FALSE
"98";98;"PP_C3750_2";"PP";"0.60–0.053";"C";"3750";2;FALSE
"99";99;"PP_C3750_3";"PP";"0.60–0.053";"C";"3750";3;FALSE
"100";100;"PP_C3750_4";"PP";"0.60–0.053";"C";"3750";4;FALSE
"101";101;"PP_C750_1";"PP";"0.60–0.053";"C";"750";1;FALSE
"102";102;"PP_C750_2";"PP";"0.60–0.053";"C";"750";2;FALSE
"103";103;"PP_C750_3";"PP";"0.60–0.053";"C";"750";3;FALSE
"104";104;"PP_C750_4";"PP";"0.60–0.053";"C";"750";4;FALSE
"105";105;"PP_C150_1";"PP";"0.60–0.053";"C";"150";1;FALSE
"106";106;"PP_C150_2";"PP";"0.60–0.053";"C";"150";2;FALSE
"107";107;"PP_C150_3";"PP";"0.60–0.053";"C";"150";3;FALSE
"108";108;"PP_C150_4";"PP";"0.60–0.053";"C";"150";4;FALSE
"109";109;"PP_C30_1";"PP";"0.60–0.053";"C";"30";1;FALSE
"110";110;"PP_C30_2";"PP";"0.60–0.053";"C";"30";2;FALSE
"111";111;"PP_C30_3";"PP";"0.60–0.053";"C";"30";3;FALSE
"112";112;"PP_C30_4";"PP";"0.60–0.053";"C";"30";4;FALSE
"113";113;"PP_C6_1";"PP";"0.60–0.053";"C";"6";1;FALSE
"114";114;"PP_C6_2";"PP";"0.60–0.053";"C";"6";2;FALSE
"115";115;"PP_C6_3";"PP";"0.60–0.053";"C";"6";3;FALSE
"116";116;"PP_C6_4";"PP";"0.60–0.053";"C";"6";4;FALSE
"117";117;"PP_C1.2_1";"PP";"0.60–0.053";"C";"1.2";1;FALSE
"118";118;"PP_C1.2_2";"PP";"0.60–0.053";"C";"1.2";2;FALSE
"119";119;"PP_C1.2_3";"PP";"0.60–0.053";"C";"1.2";3;FALSE
"120";120;"PP_C1.2_4";"PP";"0.60–0.053";"C";"1.2";4;FALSE
"121";121;"PVC_C3750_1";"PVC";"0.60–0.053";"C";"3750";1;FALSE
"122";122;"PVC_C3750_2";"PVC";"0.60–0.053";"C";"3750";2;FALSE
"123";123;"PVC_C3750_3";"PVC";"0.60–0.053";"C";"3750";3;FALSE
"124";124;"PVC_C3750_4";"PVC";"0.60–0.053";"C";"3750";4;FALSE
"125";125;"PVC_C750_1";"PVC";"0.60–0.053";"C";"750";1;FALSE
"126";126;"PVC_C750_2";"PVC";"0.60–0.053";"C";"750";2;FALSE
"127";127;"PVC_C750_3";"PVC";"0.60–0.053";"C";"750";3;FALSE
"128";128;"PVC_C750_4";"PVC";"0.60–0.053";"C";"750";4;FALSE
"129";129;"PVC_C150_1";"PVC";"0.60–0.053";"C";"150";1;FALSE
"130";130;"PVC_C150_2";"PVC";"0.60–0.053";"C";"150";2;FALSE
"131";131;"PVC_C150_3";"PVC";"0.60–0.053";"C";"150";3;FALSE
"132";132;"PVC_C150_4";"PVC";"0.60–0.053";"C";"150";4;FALSE
"133";133;"PVC_C30_1";"PVC";"0.60–0.053";"C";"30";1;FALSE
"134";134;"PVC_C30_2";"PVC";"0.60–0.053";"C";"30";2;FALSE
"135";135;"PVC_C30_3";"PVC";"0.60–0.053";"C";"30";3;FALSE
"136";136;"PVC_C30_4";"PVC";"0.60–0.053";"C";"30";4;FALSE
"137";137;"PVC_C6_1";"PVC";"0.60–0.053";"C";"6";1;FALSE
"138";138;"PVC_C6_2";"PVC";"0.60–0.053";"C";"6";2;FALSE
"139";139;"PVC_C6_3";"PVC";"0.60–0.053";"C";"6";3;FALSE
"140";140;"PVC_C6_4";"PVC";"0.60–0.053";"C";"6";4;FALSE
"141";141;"PVC_C1.2_1";"PVC";"0.60–0.053";"C";"1.2";1;FALSE
"142";142;"PVC_C1.2_2";"PVC";"0.60–0.053";"C";"1.2";2;FALSE
"143";143;"PVC_C1.2_3";"PVC";"0.60–0.053";"C";"1.2";3;FALSE
"144";144;"PVC_C1.2_4";"PVC";"0.60–0.053";"C";"1.2";4;FALSE
"145";145;"PET_A3750_1";"PET";"4.80–1.00";"A";"3750";1;FALSE
"146";146;"PET_A3750_2";"PET";"4.80–1.00";"A";"3750";2;FALSE
"147";147;"PET_A3750_3";"PET";"4.80–1.00";"A";"3750";3;FALSE
"148";148;"PET_A3750_4";"PET";"4.80–1.00";"A";"3750";4;FALSE
"149";149;"PET_A750_1";"PET";"4.80–1.00";"A";"750";1;FALSE
"150";150;"PET_A750_2";"PET";"4.80–1.00";"A";"750";2;FALSE
"151";151;"PET_A750_3";"PET";"4.80–1.00";"A";"750";3;FALSE
"152";152;"PET_A750_4";"PET";"4.80–1.00";"A";"750";4;FALSE
"153";153;"PET_A150_1";"PET";"4.80–1.00";"A";"150";1;FALSE
"154";154;"PET_A150_2";"PET";"4.80–1.00";"A";"150";2;FALSE
"155";155;"PET_A150_3";"PET";"4.80–1.00";"A";"150";3;FALSE
"156";156;"PET_A150_4";"PET";"4.80–1.00";"A";"150";4;FALSE
"157";157;"PET_A30_1";"PET";"4.80–1.00";"A";"30";1;FALSE
"158";158;"PET_A30_2";"PET";"4.80–1.00";"A";"30";2;FALSE
"159";159;"PET_A30_3";"PET";"4.80–1.00";"A";"30";3;FALSE
"160";160;"PET_A30_4";"PET";"4.80–1.00";"A";"30";4;FALSE
"161";161;"PET_A6_1";"PET";"4.80–1.00";"A";"6";1;FALSE
"162";162;"PET_A6_2";"PET";"4.80–1.00";"A";"6";2;FALSE
"163";163;"PET_A6_3";"PET";"4.80–1.00";"A";"6";3;FALSE
"164";164;"PET_A6_4";"PET";"4.80–1.00";"A";"6";4;FALSE
"165";165;"PET_A1.2_1";"PET";"4.80–1.00";"A";"1.2";1;FALSE
"166";166;"PET_A1.2_2";"PET";"4.80–1.00";"A";"1.2";2;FALSE
"167";167;"PET_A1.2_3";"PET";"4.80–1.00";"A";"1.2";3;FALSE
"168";168;"PET_A1.2_4";"PET";"4.80–1.00";"A";"1.2";4;FALSE
"169";169;"PET_B3750_1";"PET";"1.00–0.60";"B";"3750";1;FALSE
"170";170;"PET_B3750_2";"PET";"1.00–0.60";"B";"3750";2;FALSE
"171";171;"PET_B3750_3";"PET";"1.00–0.60";"B";"3750";3;FALSE
"172";172;"PET_B3750_4";"PET";"1.00–0.60";"B";"3750";4;FALSE
"173";173;"PET_B750_1";"PET";"1.00–0.60";"B";"750";1;FALSE
"174";174;"PET_B750_2";"PET";"1.00–0.60";"B";"750";2;FALSE
"175";175;"PET_B750_3";"PET";"1.00–0.60";"B";"750";3;FALSE
"176";176;"PET_B750_4";"PET";"1.00–0.60";"B";"750";4;FALSE
"177";177;"PET_B150_1";"PET";"1.00–0.60";"B";"150";1;FALSE
"178";178;"PET_B150_2";"PET";"1.00–0.60";"B";"150";2;FALSE
"179";179;"PET_B150_3";"PET";"1.00–0.60";"B";"150";3;FALSE
"180";180;"PET_B150_4";"PET";"1.00–0.60";"B";"150";4;FALSE
"181";181;"PET_B30_1";"PET";"1.00–0.60";"B";"30";1;FALSE
"182";182;"PET_B30_2";"PET";"1.00–0.60";"B";"30";2;FALSE
"183";183;"PET_B30_3";"PET";"1.00–0.60";"B";"30";3;FALSE
"184";184;"PET_B30_4";"PET";"1.00–0.60";"B";"30";4;FALSE
"185";185;"PET_B6_1";"PET";"1.00–0.60";"B";"6";1;FALSE
"186";186;"PET_B6_2";"PET";"1.00–0.60";"B";"6";2;FALSE
"187";187;"PET_B6_3";"PET";"1.00–0.60";"B";"6";3;FALSE
"188";188;"PET_B6_4";"PET";"1.00–0.60";"B";"6";4;FALSE
"189";189;"PET_B1.2_1";"PET";"1.00–0.60";"B";"1.2";1;FALSE
"190";190;"PET_B1.2_2";"PET";"1.00–0.60";"B";"1.2";2;FALSE
"191";191;"PET_B1.2_3";"PET";"1.00–0.60";"B";"1.2";3;FALSE
"192";192;"PET_B1.2_4";"PET";"1.00–0.60";"B";"1.2";4;FALSE
"193";193;"PET_C3750_1";"PET";"0.60–0.053";"C";"3750";1;FALSE
"194";194;"PET_C3750_2";"PET";"0.60–0.053";"C";"3750";2;FALSE
"195";195;"PET_C3750_3";"PET";"0.60–0.053";"C";"3750";3;FALSE
"196";196;"PET_C3750_4";"PET";"0.60–0.053";"C";"3750";4;FALSE
"197";197;"PET_C750_1";"PET";"0.60–0.053";"C";"750";1;FALSE
"198";198;"PET_C750_2";"PET";"0.60–0.053";"C";"750";2;FALSE
"199";199;"PET_C750_3";"PET";"0.60–0.053";"C";"750";3;FALSE
"200";200;"PET_C750_4";"PET";"0.60–0.053";"C";"750";4;FALSE
"201";201;"PET_C150_1";"PET";"0.60–0.053";"C";"150";1;FALSE
"202";202;"PET_C150_2";"PET";"0.60–0.053";"C";"150";2;FALSE
"203";203;"PET_C150_3";"PET";"0.60–0.053";"C";"150";3;FALSE
"204";204;"PET_C150_4";"PET";"0.60–0.053";"C";"150";4;FALSE
"205";205;"PET_C30_1";"PET";"0.60–0.053";"C";"30";1;FALSE
"206";206;"PET_C30_2";"PET";"0.60–0.053";"C";"30";2;FALSE
"207";207;"PET_C30_3";"PET";"0.60–0.053";"C";"30";3;FALSE
"208";208;"PET_C30_4";"PET";"0.60–0.053";"C";"30";4;FALSE
"209";209;"PET_C6_1";"PET";"0.60–0.053";"C";"6";1;FALSE
"210";210;"PET_C6_2";"PET";"0.60–0.053";"C";"6";2;FALSE
"211";211;"PET_C6_3";"PET";"0.60–0.053";"C";"6";3;FALSE
"212";212;"PET_C6_4";"PET";"0.60–0.053";"C";"6";4;FALSE
"213";213;"PET_C1.2_1";"PET";"0.60–0.053";"C";"1.2";1;FALSE
"214";214;"PET_C1.2_2";"PET";"0.60–0.053";"C";"1.2";2;FALSE
"215";215;"PET_C1.2_3";"PET";"0.60–0.053";"C";"1.2";3;FALSE
"216";216;"PET_C1.2_4";"PET";"0.60–0.053";"C";"1.2";4;FALSE
"217";217;"PE_A3750_1";"PE";"4.80–1.00";"A";"3750";1;FALSE
"218";218;"PE_A3750_2";"PE";"4.80–1.00";"A";"3750";2;FALSE
"219";219;"PE_A3750_3";"PE";"4.80–1.00";"A";"3750";3;FALSE
"220";220;"PE_A3750_4";"PE";"4.80–1.00";"A";"3750";4;FALSE
"221";221;"PE_A750_1";"PE";"4.80–1.00";"A";"750";1;FALSE
"222";222;"PE_A750_2";"PE";"4.80–1.00";"A";"750";2;FALSE
"223";223;"PE_A750_3";"PE";"4.80–1.00";"A";"750";3;FALSE
"224";224;"PE_A750_4";"PE";"4.80–1.00";"A";"750";4;FALSE
"225";225;"PE_A150_1";"PE";"4.80–1.00";"A";"150";1;FALSE
"226";226;"PE_A150_2";"PE";"4.80–1.00";"A";"150";2;FALSE
"227";227;"PE_A150_3";"PE";"4.80–1.00";"A";"150";3;FALSE
"228";228;"PE_A150_4";"PE";"4.80–1.00";"A";"150";4;FALSE
"229";229;"PE_A30_1";"PE";"4.80–1.00";"A";"30";1;FALSE
"230";230;"PE_A30_2";"PE";"4.80–1.00";"A";"30";2;FALSE
"231";231;"PE_A30_3";"PE";"4.80–1.00";"A";"30";3;FALSE
"232";232;"PE_A30_4";"PE";"4.80–1.00";"A";"30";4;FALSE
"233";233;"PE_A6_1";"PE";"4.80–1.00";"A";"6";1;FALSE
"234";234;"PE_A6_2";"PE";"4.80–1.00";"A";"6";2;FALSE
"235";235;"PE_A6_3";"PE";"4.80–1.00";"A";"6";3;FALSE
"236";236;"PE_A6_4";"PE";"4.80–1.00";"A";"6";4;FALSE
"237";237;"PE_A1.2_1";"PE";"4.80–1.00";"A";"1.2";1;FALSE
"238";238;"PE_A1.2_2";"PE";"4.80–1.00";"A";"1.2";2;FALSE
"239";239;"PE_A1.2_3";"PE";"4.80–1.00";"A";"1.2";3;FALSE
"240";240;"PE_A1.2_4";"PE";"4.80–1.00";"A";"1.2";4;FALSE
"241";241;"PE_B3750_1";"PE";"1.00–0.60";"B";"3750";1;FALSE
"242";242;"PE_B3750_2";"PE";"1.00–0.60";"B";"3750";2;FALSE
"243";243;"PE_B3750_3";"PE";"1.00–0.60";"B";"3750";3;FALSE
"244";244;"PE_B3750_4";"PE";"1.00–0.60";"B";"3750";4;FALSE
"245";245;"PE_B750_1";"PE";"1.00–0.60";"B";"750";1;FALSE
"246";246;"PE_B750_2";"PE";"1.00–0.60";"B";"750";2;FALSE
"247";247;"PE_B750_3";"PE";"1.00–0.60";"B";"750";3;FALSE
"248";248;"PE_B750_4";"PE";"1.00–0.60";"B";"750";4;FALSE
"249";249;"PE_B150_1";"PE";"1.00–0.60";"B";"150";1;FALSE
"250";250;"PE_B150_2";"PE";"1.00–0.60";"B";"150";2;FALSE
"251";251;"PE_B150_3";"PE";"1.00–0.60";"B";"150";3;FALSE
"252";252;"PE_B150_4";"PE";"1.00–0.60";"B";"150";4;FALSE
"253";253;"PE_B30_1";"PE";"1.00–0.60";"B";"30";1;FALSE
"254";254;"PE_B30_2";"PE";"1.00–0.60";"B";"30";2;FALSE
"255";255;"PE_B30_3";"PE";"1.00–0.60";"B";"30";3;FALSE
"256";256;"PE_B30_4";"PE";"1.00–0.60";"B";"30";4;FALSE
"257";257;"PE_B6_1";"PE";"1.00–0.60";"B";"6";1;FALSE
"258";258;"PE_B6_2";"PE";"1.00–0.60";"B";"6";2;FALSE
"259";259;"PE_B6_3";"PE";"1.00–0.60";"B";"6";3;FALSE
"260";260;"PE_B6_4";"PE";"1.00–0.60";"B";"6";4;FALSE
"261";261;"PE_B1.2_1";"PE";"1.00–0.60";"B";"1.2";1;FALSE
"262";262;"PE_B1.2_2";"PE";"1.00–0.60";"B";"1.2";2;FALSE
"263";263;"PE_B1.2_3";"PE";"1.00–0.60";"B";"1.2";3;FALSE
"264";264;"PE_B1.2_4";"PE";"1.00–0.60";"B";"1.2";4;FALSE
"265";265;"PE_C3750_1";"PE";"0.60–0.053";"C";"3750";1;FALSE
"266";266;"PE_C3750_2";"PE";"0.60–0.053";"C";"3750";2;FALSE
"267";267;"PE_C3750_3";"PE";"0.60–0.053";"C";"3750";3;FALSE
"268";268;"PE_C3750_4";"PE";"0.60–0.053";"C";"3750";4;FALSE
"269";269;"PE_C750_1";"PE";"0.60–0.053";"C";"750";1;FALSE
"270";270;"PE_C750_2";"PE";"0.60–0.053";"C";"750";2;FALSE
"271";271;"PE_C750_3";"PE";"0.60–0.053";"C";"750";3;FALSE
"272";272;"PE_C750_4";"PE";"0.60–0.053";"C";"750";4;FALSE
"273";273;"PE_C150_1";"PE";"0.60–0.053";"C";"150";1;FALSE
"274";274;"PE_C150_2";"PE";"0.60–0.053";"C";"150";2;FALSE
"275";275;"PE_C150_3";"PE";"0.60–0.053";"C";"150";3;FALSE
"276";276;"PE_C150_4";"PE";"0.60–0.053";"C";"150";4;FALSE
"277";277;"PE_C30_1";"PE";"0.60–0.053";"C";"30";1;FALSE
"278";278;"PE_C30_2";"PE";"0.60–0.053";"C";"30";2;FALSE
"279";279;"PE_C30_3";"PE";"0.60–0.053";"C";"30";3;FALSE
"280";280;"PE_C30_4";"PE";"0.60–0.053";"C";"30";4;FALSE
"281";281;"PE_C6_1";"PE";"0.60–0.053";"C";"6";1;FALSE
"282";282;"PE_C6_2";"PE";"0.60–0.053";"C";"6";2;FALSE
"283";283;"PE_C6_3";"PE";"0.60–0.053";"C";"6";3;FALSE
"284";284;"PE_C6_4";"PE";"0.60–0.053";"C";"6";4;FALSE
"285";285;"PE_C1.2_1";"PE";"0.60–0.053";"C";"1.2";1;FALSE
"286";286;"PE_C1.2_2";"PE";"0.60–0.053";"C";"1.2";2;FALSE
"287";287;"PE_C1.2_3";"PE";"0.60–0.053";"C";"1.2";3;FALSE
"288";288;"PE_C1.2_4";"PE";"0.60–0.053";"C";"1.2";4;FALSE
